InstanceID,DateTimeStamp,Respondent,CaregiverID,StudyPhase,SessionType,SessionCount,Merge_TotalSessionTrials,SessionBlockCount,SelfMonitoring1,SelfMonitoring2,SelfMonitoring3,SelfMonitoring4,SelfMonitoring5,SelfMonitoring6a_1,SelfMonitoring6a_2,SelfMonitoring6a_3,ConfMonitoring1,ConfMonitoring2,ConfMonitoring3,ConfMonitoring4,ConfMonitoring5,ConfMonitoring6a_1,ConfMonitoring6a_2,ConfMonitoring6a_3,ConfConfederateInteraction,ConfTrialNote,IOAMonitoring1,IOAMonitoring2,IOAMonitoring3,IOAMonitoring4,IOAMonitoring5,IOAMonitoring6a_1,IOAMonitoring6a_2,IOAMonitoring6a_3,IOAConfederateInteraction,IOATrialNote,IOAxCARE_Key,CONFxCARE_Key,IOAxCONF_Key,CONFxCARExIOA_Key,Monitoring1,Monitoring2,Monitoring3,Monitoring4,Monitoring5,Monitoring6a_1,Monitoring6a_2,Monitoring6a_3
p3h2noxcwo,2024-08-06 12:10:55-04:00,3_IOAxCONF,Case2,0_BL,0_AC,1.0,1.0,0.5,,,,,,,,,1.0,1.0,0.0,0.0,1.0,0.0,1.0,0.0,1.0,Prompted to push button,0.0,1.0,0.0,0.0,1.0,0.0,1.0,0.0,0,"""I like how you're helping"" (not 100% if this is task-specific)",<NA>,<NA>,1,<NA>,B,A,D,D,A,D,A,D
8c3dazi3qu,2024-08-06 12:16:47-04:00,3_IOAxCONF,Case2,0_BL,1_SC,1.0,1.0,0.5,,,,,,,,,1.0,1.0,0.0,0.0,1.0,0.0,1.0,0.0,0.0,nan,0.0,1.0,0.0,0.0,1.0,0.0,1.0,0.0,1,Further clarification on task from confederate,<NA>,<NA>,2,<NA>,B,A,D,D,A,D,A,D
bzpgcj844i,2024-08-06 12:18:58-04:00,3_IOAxCONF,Case2,0_BL,1_SC,1.0,2.0,1.0,,,,,,,,,1.0,1.0,0.0,0.0,0.0,0.0,0.0,1.0,1.0,Mentioned random assignment ,0.0,1.0,0.0,0.0,1.0,0.0,0.0,0.0,1,"Further explanation by confederate on when he will/not comply (""It's automated"") 9:05",<NA>,<NA>,3,<NA>,B,A,D,D,C,D,D,B
5323y3y8fp,2024-08-06 12:20:36-04:00,3_IOAxCONF,Case2,0_BL,1_SC,1.0,3.0,1.5,,,,,,,,,1.0,1.0,0.0,0.0,1.0,0.0,0.0,1.0,0.0,nan,0.0,1.0,0.0,0.0,1.0,0.0,0.0,1.0,0,nan,<NA>,<NA>,4,<NA>,B,A,D,D,A,D,D,A
zom6it7q6a,2024-08-06 12:22:07-04:00,3_IOAxCONF,Case2,0_BL,1_SC,1.0,4.0,2.0,,,,,,,,,1.0,1.0,0.0,1.0,1.0,0.0,1.0,0.0,0.0,nan,0.0,1.0,0.0,0.0,1.0,0.0,1.0,0.0,0,nan,<NA>,<NA>,5,<NA>,B,A,D,B,A,D,A,D
zp2oqbs26n,2024-08-06 12:23:44-04:00,3_IOAxCONF,Case2,0_BL,1_SC,1.0,5.0,2.5,,,,,,,,,1.0,1.0,0.0,1.0,1.0,1.0,1.0,1.0,1.0,Cited my own phone use,0.0,1.0,0.0,0.0,1.0,1.0,1.0,1.0,1,Confederate said he forgot what he was supposed to do 14:15,<NA>,<NA>,6,<NA>,B,A,D,B,A,A,A,A
3bjywc7ujz,2024-08-06 12:25:17-04:00,3_IOAxCONF,Case2,0_BL,1_SC,1.0,6.0,3.0,,,,,,,,,1.0,1.0,0.0,1.0,1.0,0.0,1.0,0.0,0.0,nan,0.0,1.0,0.0,0.0,1.0,0.0,1.0,0.0,0,Caregiver noted something she would typically do different with AC 16:20,<NA>,<NA>,7,<NA>,B,A,D,B,A,D,A,D
xmwo3ksvlr,2024-08-06 12:26:54-04:00,3_IOAxCONF,Case2,0_BL,1_SC,1.0,7.0,3.5,,,,,,,,,1.0,1.0,0.0,1.0,1.0,0.0,1.0,0.0,0.0,nan,1.0,1.0,0.0,0.0,1.0,0.0,1.0,0.0,1,Joke about being old and having to get on the ground 17:45,<NA>,<NA>,8,<NA>,A,A,D,B,A,D,A,D
n6ug7xzlvn,2024-08-06 12:28:26-04:00,3_IOAxCONF,Case2,0_BL,1_SC,1.0,8.0,4.0,,,,,,,,,1.0,1.0,0.0,1.0,1.0,0.0,1.0,0.0,0.0,nan,0.0,1.0,0.0,0.0,1.0,0.0,1.0,0.0,0,nan,<NA>,<NA>,9,<NA>,B,A,D,B,A,D,A,D
sdpw089q9q,2024-08-06 12:29:43-04:00,3_IOAxCONF,Case2,0_BL,1_SC,1.0,9.0,4.5,,,,,,,,,1.0,1.0,0.0,1.0,1.0,0.0,1.0,0.0,0.0,nan,0.0,1.0,0.0,0.0,1.0,0.0,1.0,0.0,0,nan,<NA>,<NA>,10,<NA>,B,A,D,B,A,D,A,D
pzsi25ii78,2024-08-06 12:31:29-04:00,3_IOAxCONF,Case2,0_BL,1_SC,1.0,10.0,5.0,,,,,,,,,1.0,1.0,0.0,1.0,1.0,0.0,0.0,1.0,1.0,Forgot blanket,0.0,1.0,0.0,0.0,1.0,0.0,1.0,0.0,1,Caregiver asked confederate to get blanket 21:35,<NA>,<NA>,11,<NA>,B,A,D,B,A,D,C,B
jauk391j4r,2024-08-06 12:33:30-04:00,3_IOAxCONF,Case2,0_BL,1_SC,1.0,11.0,5.5,,,,,,,,,1.0,1.0,0.0,1.0,1.0,0.0,1.0,0.0,0.0,"Was a no comply, wasn't sure of task, she took it as a compliant",0.0,1.0,0.0,0.0,1.0,0.0,1.0,0.0,0,nan,<NA>,<NA>,12,<NA>,B,A,D,B,A,D,A,D
a4knedjuvn,2024-08-06 12:34:59-04:00,3_IOAxCONF,Case2,0_BL,1_SC,1.0,12.0,6.0,,,,,,,,,1.0,1.0,0.0,1.0,1.0,0.0,1.0,0.0,0.0,nan,0.0,1.0,0.0,0.0,1.0,0.0,1.0,0.0,0,nan,<NA>,<NA>,13,<NA>,B,A,D,B,A,D,A,D
59z28789f8,2024-08-06 12:42:01-04:00,3_IOAxCONF,Case2,0_BL,0_AC,1.0,2.0,0.5,,,,,,,,,1.0,1.0,0.0,1.0,1.0,0.0,1.0,0.0,1.0,Requested to have placement on floor,1.0,1.0,0.0,0.0,1.0,0.0,1.0,0.0,0,nan,<NA>,<NA>,14,<NA>,A,A,D,B,A,D,A,D
jqtcx1bw9u,2024-08-06 12:44:35-04:00,3_IOAxCONF,Case2,0_BL,1_SC,1.0,13.0,0.5,,,,,,,,,1.0,1.0,0.0,1.0,1.0,0.0,1.0,0.0,0.0,nan,1.0,1.0,0.0,0.0,1.0,0.0,1.0,0.0,0,nan,<NA>,<NA>,15,<NA>,A,A,D,B,A,D,A,D
sv1ln9v67n,2024-08-06 12:46:18-04:00,3_IOAxCONF,Case2,0_BL,1_SC,1.0,14.0,1.0,,,,,,,,,1.0,1.0,0.0,1.0,1.0,0.0,1.0,0.0,0.0,Should have been a no comply **Addressed 2024.09.16**,0.0,1.0,0.0,0.0,1.0,0.0,1.0,0.0,0,nan,<NA>,<NA>,16,<NA>,B,A,D,B,A,D,A,D
ox85op7a90,2024-08-06 12:47:31-04:00,3_IOAxCONF,Case2,0_BL,1_SC,1.0,15.0,1.5,,,,,,,,,1.0,1.0,0.0,1.0,1.0,1.0,1.0,1.0,0.0,nan,1.0,1.0,0.0,0.0,1.0,1.0,1.0,1.0,0,nan,<NA>,<NA>,17,<NA>,A,A,D,B,A,A,A,A
vreldn5mvu,2024-08-06 12:51:02-04:00,3_IOAxCONF,Case2,0_BL,1_SC,1.0,16.0,2.0,,,,,,,,,1.0,1.0,0.0,1.0,1.0,0.0,1.0,0.0,0.0,nan,1.0,1.0,0.0,0.0,1.0,0.0,1.0,0.0,0,nan,<NA>,<NA>,18,<NA>,A,A,D,B,A,D,A,D
h1jnbdx1lz,2024-08-06 12:52:49-04:00,3_IOAxCONF,Case2,0_BL,0_AC,1.0,3.0,0.5,,,,,,,,,1.0,1.0,0.0,1.0,1.0,0.0,1.0,0.0,0.0,nan,1.0,1.0,0.0,0.0,1.0,0.0,1.0,0.0,0,child got distracted on the way to comply with demand 43:00,<NA>,<NA>,19,<NA>,A,A,D,B,A,D,A,D
yq71aj4ndb,2024-08-06 12:55:27-04:00,3_IOAxCONF,Case2,0_BL,1_SC,1.0,17.0,0.5,,,,,,,,,1.0,1.0,0.0,1.0,1.0,0.0,0.0,1.0,0.0,nan,1.0,1.0,0.0,0.0,1.0,1.0,1.0,1.0,0,"child stayed in room, didn't seem to have impact on caregiver's behavior though",<NA>,<NA>,20,<NA>,A,A,D,B,A,C,C,A
tag1fa0kp1,2024-08-06 12:56:51-04:00,3_IOAxCONF,Case2,0_BL,1_SC,1.0,18.0,1.0,,,,,,,,,1.0,1.0,0.0,1.0,1.0,0.0,1.0,0.0,1.0,nan,1.0,1.0,0.0,0.0,1.0,0.0,1.0,0.0,0,nan,<NA>,<NA>,21,<NA>,A,A,D,B,A,D,A,D
1lv6uae4sw,2024-08-06 13:00:31-04:00,3_IOAxCONF,Case2,0_BL,0_AC,1.0,4.0,0.5,,,,,,,,,1.0,1.0,0.0,1.0,1.0,0.0,1.0,0.0,0.0,nan,1.0,1.0,0.0,0.0,1.0,0.0,1.0,0.0,0,nan,<NA>,<NA>,22,<NA>,A,A,D,B,A,D,A,D
j8lu5vx9rx,2024-08-06 14:09:05-04:00,3_IOAxCONF,Case3,0_BL,0_AC,1.0,1.0,0.5,,,,,,,,,1.0,0.0,0.0,0.0,1.0,0.0,1.0,0.0,1.0,Some smiles when the child took a moment,0.0,1.0,0.0,0.0,1.0,1.0,1.0,0.0,0,"Child struggled with completing the task, and got distracted a few times 1:00",<NA>,<NA>,23,<NA>,B,C,D,D,A,C,A,D
zqh67kai1y,2024-08-06 14:13:50-04:00,3_IOAxCONF,Case3,0_BL,1_SC,1.0,1.0,0.5,,,,,,,,,1.0,1.0,0.0,0.0,1.0,0.0,0.0,0.0,0.0,nan,0.0,1.0,0.0,0.0,0.0,0.0,0.0,0.0,0,nan,<NA>,<NA>,24,<NA>,B,A,D,D,B,D,D,D
7o69hq0dlj,2024-08-06 14:15:16-04:00,3_IOAxCONF,Case3,0_BL,1_SC,1.0,2.0,1.0,,,,,,,,,1.0,1.0,0.0,0.0,1.0,0.0,0.0,1.0,1.0,I said perfect at the end,0.0,1.0,0.0,0.0,1.0,0.0,0.0,0.0,0,nan,<NA>,<NA>,25,<NA>,B,A,D,D,A,D,D,B
lgau2v904v,2024-08-06 14:16:28-04:00,3_IOAxCONF,Case3,0_BL,1_SC,1.0,3.0,1.5,,,,,,,,,1.0,1.0,0.0,0.0,1.0,0.0,1.0,0.0,0.0,nan,1.0,1.0,0.0,0.0,0.0,0.0,1.0,0.0,0,nan,<NA>,<NA>,26,<NA>,A,A,D,D,B,D,A,D
wieyal9grr,2024-08-06 14:17:42-04:00,3_IOAxCONF,Case3,0_BL,1_SC,1.0,4.0,2.0,,,,,,,,,0.0,1.0,0.0,0.0,1.0,0.0,0.0,1.0,0.0,nan,0.0,1.0,0.0,0.0,1.0,0.0,0.0,0.0,1,Confederate noted repetitiveness to caregiver 13:00,<NA>,<NA>,27,<NA>,D,A,D,D,A,D,D,B
ceio20vzn7,2024-08-06 14:18:58-04:00,3_IOAxCONF,Case3,0_BL,1_SC,1.0,5.0,2.5,,,,,,,,,0.0,1.0,0.0,0.0,1.0,0.0,0.0,0.0,0.0,nan,0.0,1.0,0.0,0.0,1.0,0.0,1.0,0.0,0,nan,<NA>,<NA>,28,<NA>,D,A,D,D,A,D,C,D
nuojvsrak4,2024-08-06 14:20:16-04:00,3_IOAxCONF,Case3,0_BL,1_SC,1.0,6.0,3.0,,,,,,,,,0.0,1.0,0.0,0.0,1.0,0.0,0.0,1.0,0.0,nan,0.0,1.0,0.0,0.0,1.0,0.0,0.0,1.0,0,nan,<NA>,<NA>,29,<NA>,D,A,D,D,A,D,D,A
vgsfvs23id,2024-08-06 14:21:23-04:00,3_IOAxCONF,Case3,0_BL,1_SC,1.0,7.0,3.5,,,,,,,,,0.0,1.0,0.0,0.0,1.0,0.0,0.0,1.0,0.0,nan,0.0,1.0,0.0,0.0,1.0,0.0,0.0,1.0,0,nan,<NA>,<NA>,30,<NA>,D,A,D,D,A,D,D,A
k81nionvca,2024-08-06 14:22:38-04:00,3_IOAxCONF,Case3,0_BL,1_SC,1.0,8.0,4.0,,,,,,,,,0.0,0.0,0.0,0.0,1.0,0.0,1.0,0.0,1.0,Mentioned phone,0.0,1.0,0.0,0.0,1.0,1.0,1.0,0.0,1,Confederate checked phone for what to do 18:00,<NA>,<NA>,34,<NA>,D,C,D,D,A,C,A,D
u0e61zeiap,2024-08-06 14:23:49-04:00,3_IOAxCONF,Case3,0_BL,1_SC,1.0,9.0,4.5,,,,,,,,,0.0,1.0,0.0,0.0,1.0,0.0,1.0,0.0,0.0,nan,0.0,1.0,0.0,0.0,1.0,0.0,1.0,0.0,0,nan,<NA>,<NA>,35,<NA>,D,A,D,D,A,D,A,D
rxji52j2gp,2024-08-06 14:25:09-04:00,3_IOAxCONF,Case3,0_BL,1_SC,1.0,10.0,5.0,,,,,,,,,1.0,1.0,0.0,1.0,1.0,0.0,0.0,1.0,0.0,nan,0.0,1.0,0.0,0.0,1.0,0.0,0.0,1.0,0,nan,<NA>,<NA>,36,<NA>,B,A,D,B,A,D,D,A
tz3akpx8zf,2024-08-06 14:26:14-04:00,3_IOAxCONF,Case3,0_BL,1_SC,1.0,11.0,5.5,,,,,,,,,1.0,1.0,0.0,0.0,1.0,0.0,1.0,0.0,0.0,nan,1.0,1.0,0.0,0.0,1.0,1.0,0.0,0.0,0,nan,<NA>,<NA>,37,<NA>,A,A,D,D,A,C,B,D
ay9xpkvfkq,2024-08-06 14:27:32-04:00,3_IOAxCONF,Case3,0_BL,1_SC,1.0,12.0,6.0,,,,,,,,,0.0,1.0,0.0,0.0,1.0,0.0,0.0,1.0,0.0,nan,0.0,1.0,0.0,0.0,1.0,0.0,0.0,1.0,0,nan,<NA>,<NA>,38,<NA>,D,A,D,D,A,D,D,A
dhz81nhvnu,2024-08-06 14:28:58-04:00,3_IOAxCONF,Case3,0_BL,1_SC,1.0,13.0,6.5,,,,,,,,,0.0,1.0,0.0,0.0,1.0,0.0,1.0,0.0,1.0,Joke about drawing,0.0,1.0,0.0,0.0,1.0,1.0,1.0,0.0,1,Joke about drawing 24:15,<NA>,<NA>,39,<NA>,D,A,D,D,A,C,A,D
v6h0qhxezv,2024-08-06 14:30:17-04:00,3_IOAxCONF,Case3,0_BL,1_SC,1.0,14.0,7.0,,,,,,,,,0.0,1.0,0.0,0.0,1.0,1.0,1.0,1.0,0.0,nan,0.0,1.0,0.0,0.0,1.0,0.0,0.0,1.0,0,nan,<NA>,<NA>,40,<NA>,D,A,D,D,A,B,B,A
tfjkg475qi,2024-08-06 14:31:31-04:00,3_IOAxCONF,Case3,0_BL,1_SC,1.0,15.0,7.5,,,,,,,,,0.0,1.0,0.0,0.0,1.0,0.0,1.0,0.0,0.0,nan,0.0,1.0,0.0,0.0,1.0,0.0,1.0,0.0,0,nan,<NA>,<NA>,41,<NA>,D,A,D,D,A,D,A,D
nyhoddoted,2024-08-06 14:32:31-04:00,3_IOAxCONF,Case3,0_BL,1_SC,1.0,16.0,8.0,,,,,,,,,0.0,1.0,0.0,0.0,1.0,0.0,0.0,1.0,0.0,nan,0.0,1.0,0.0,0.0,1.0,0.0,0.0,1.0,0,nan,<NA>,<NA>,42,<NA>,D,A,D,D,A,D,D,A
qr4b9h5rfk,2024-08-06 14:36:59-04:00,3_IOAxCONF,Case3,0_BL,0_AC,1.0,2.0,0.5,,,,,,,,,1.0,0.0,0.0,0.0,1.0,0.0,0.0,0.0,0.0,nan,0.0,1.0,0.0,0.0,1.0,0.0,0.0,0.0,0,nan,<NA>,<NA>,43,<NA>,B,C,D,D,A,D,D,D
305smus3na,2024-08-06 14:41:21-04:00,3_IOAxCONF,Case3,0_BL,1_SC,1.0,18.0,1.0,,,,,,,,,0.0,1.0,0.0,0.0,1.0,0.0,1.0,0.0,0.0,nan,0.0,1.0,0.0,0.0,1.0,1.0,1.0,0.0,0,nan,<NA>,<NA>,48,<NA>,D,A,D,D,A,C,A,D
vx8357a2wu,2024-08-06 14:42:38-04:00,3_IOAxCONF,Case3,0_BL,1_SC,1.0,19.0,1.5,,,,,,,,,0.0,1.0,0.0,0.0,1.0,0.0,0.0,1.0,0.0,nan,0.0,1.0,0.0,0.0,1.0,0.0,0.0,0.0,0,nan,<NA>,<NA>,49,<NA>,D,A,D,D,A,D,D,B
rpef5nl8ky,2024-08-06 14:44:00-04:00,3_IOAxCONF,Case3,0_BL,1_SC,1.0,20.0,2.0,,,,,,,,,0.0,0.0,0.0,0.0,1.0,0.0,1.0,0.0,0.0,nan,0.0,1.0,0.0,0.0,1.0,1.0,1.0,0.0,1,Joke about drawing 39:30,<NA>,<NA>,50,<NA>,D,C,D,D,A,C,A,D
2ahwij0p7v,2024-08-06 14:45:11-04:00,3_IOAxCONF,Case3,0_BL,1_SC,1.0,21.0,2.5,,,,,,,,,1.0,1.0,0.0,0.0,1.0,1.0,1.0,0.0,0.0,nan,0.0,1.0,0.0,0.0,1.0,1.0,1.0,0.0,0,nan,<NA>,<NA>,51,<NA>,B,A,D,D,A,A,A,D
3he8tyx9gc,2024-08-06 14:46:18-04:00,3_IOAxCONF,Case3,0_BL,1_SC,1.0,22.0,3.0,,,,,,,,,0.0,1.0,0.0,0.0,1.0,0.0,0.0,1.0,0.0,nan,0.0,1.0,0.0,0.0,1.0,0.0,0.0,0.0,0,nan,<NA>,<NA>,52,<NA>,D,A,D,D,A,D,D,B
w30gin0e3v,2024-08-06 14:50:08-04:00,3_IOAxCONF,Case3,0_BL,0_AC,1.0,3.0,0.5,,,,,,,,,1.0,1.0,0.0,1.0,1.0,0.0,1.0,0.0,0.0,nan,1.0,1.0,0.0,0.0,1.0,0.0,1.0,0.0,0,nan,<NA>,<NA>,53,<NA>,A,A,D,B,A,D,A,D
xzuoviw1k5,2024-08-06 14:52:05-04:00,3_IOAxCONF,Case3,0_BL,1_SC,1.0,23.0,0.5,,,,,,,,,0.0,1.0,0.0,0.0,1.0,0.0,0.0,1.0,0.0,nan,0.0,1.0,0.0,0.0,1.0,0.0,0.0,1.0,0,nan,<NA>,<NA>,54,<NA>,D,A,D,D,A,D,D,A
9b4dhcqlci,2024-08-06 14:53:27-04:00,3_IOAxCONF,Case3,0_BL,1_SC,1.0,24.0,1.0,,,,,,,,,1.0,1.0,0.0,0.0,1.0,0.0,1.0,0.0,0.0,nan,0.0,1.0,0.0,0.0,1.0,0.0,1.0,0.0,0,Child interrupted briefly 48:30,<NA>,<NA>,55,<NA>,B,A,D,D,A,D,A,D
rzwhywcd4l,2024-08-06 14:54:29-04:00,3_IOAxCONF,Case3,0_BL,1_SC,1.0,25.0,1.5,,,,,,,,,1.0,1.0,0.0,1.0,1.0,0.0,0.0,1.0,0.0,nan,0.0,1.0,0.0,0.0,1.0,0.0,0.0,0.0,0,nan,<NA>,<NA>,56,<NA>,B,A,D,B,A,D,D,B
0jiez2d4jx,2024-08-06 14:55:58-04:00,3_IOAxCONF,Case3,0_BL,1_SC,1.0,26.0,2.0,,,,,,,,,1.0,1.0,0.0,1.0,0.0,0.0,1.0,0.0,0.0,Blocks were in bin. Forgot,1.0,1.0,0.0,0.0,1.0,0.0,1.0,0.0,0,nan,<NA>,<NA>,57,<NA>,A,A,D,B,C,D,A,D
irjdgx069j,2024-08-06 14:58:13-04:00,3_IOAxCONF,Case3,0_BL,0_AC,1.0,4.0,0.5,,,,,,,,,0.0,1.0,0.0,0.0,0.0,0.0,1.0,0.0,0.0,nan,0.0,1.0,0.0,0.0,1.0,0.0,1.0,0.0,0,nan,<NA>,<NA>,58,<NA>,D,A,D,D,C,D,A,D
tpu1le2y24,2024-08-06 10:11:30-04:00,3_IOAxCONF,Case1,0_BL,0_AC,1.0,1.0,0.5,,,,,,,,,1.0,1.0,0.0,0.0,1.0,0.0,1.0,0.0,0.0,Remembered reward after the fact,1.0,1.0,0.0,0.0,1.0,0.0,1.0,1.0,1,Caregiver asked if she was allowed to give child treat 1:00,<NA>,<NA>,59,<NA>,A,A,D,D,A,D,A,C
4wfnryqwqr,2024-08-06 10:16:49-04:00,3_IOAxCONF,Case1,0_BL,1_SC,1.0,1.0,0.5,,,,,,,,,1.0,1.0,0.0,0.0,1.0,0.0,0.0,1.0,0.0,nan,1.0,1.0,0.0,0.0,1.0,0.0,0.0,1.0,1,"Small talk on ""Rob"" versus ""Robert"" 7:00",<NA>,<NA>,60,<NA>,A,A,D,D,A,D,D,A
76b6silt5i,2024-08-06 10:18:11-04:00,3_IOAxCONF,Case1,0_BL,1_SC,1.0,2.0,1.0,,,,,,,,,1.0,1.0,0.0,0.0,1.0,0.0,1.0,1.0,0.0,Prompt to phone down,1.0,1.0,0.0,0.0,1.0,0.0,1.0,1.0,0,nan,<NA>,<NA>,61,<NA>,A,A,D,D,A,D,A,A
zmp0lp9k1f,2024-08-06 10:19:27-04:00,3_IOAxCONF,Case1,0_BL,1_SC,1.0,3.0,1.5,,,,,,,,,1.0,1.0,0.0,0.0,1.0,0.0,1.0,1.0,0.0,nan,1.0,1.0,1.0,0.0,1.0,1.0,1.0,1.0,1,Caregiver asked about whether she does the same thing every time 10:00,<NA>,<NA>,62,<NA>,A,A,C,D,A,C,A,A
fezz3o4qcl,2024-08-06 10:21:08-04:00,3_IOAxCONF,Case1,0_BL,1_SC,1.0,4.0,2.0,,,,,,,,,1.0,1.0,0.0,1.0,1.0,0.0,1.0,1.0,1.0,I complied when I shouldn't have **Addressed 2024.09.16**,0.0,1.0,0.0,0.0,1.0,1.0,1.0,1.0,0,nan,<NA>,<NA>,63,<NA>,B,A,D,B,A,C,A,A
wfh37yc833,2024-08-06 10:22:56-04:00,3_IOAxCONF,Case1,0_BL,1_SC,1.0,5.0,2.5,,,,,,,,,1.0,1.0,0.0,0.0,1.0,0.0,0.0,1.0,0.0,nan,1.0,1.0,0.0,0.0,1.0,0.0,0.0,1.0,0,Whiteboard had incorrect trial # listed,<NA>,<NA>,64,<NA>,A,A,D,D,A,D,D,A
7o936qd290,2024-08-06 10:25:16-04:00,3_IOAxCONF,Case1,0_BL,1_SC,1.0,6.0,3.0,,,,,,,,,1.0,1.0,0.0,1.0,1.0,0.0,1.0,1.0,0.0,nan,1.0,1.0,0.0,1.0,1.0,1.0,1.0,1.0,0,nan,<NA>,<NA>,65,<NA>,A,A,D,A,A,C,A,A
f61mf134s8,2024-08-06 10:35:59-04:00,3_IOAxCONF,Case1,0_BL,0_AC,1.0,2.0,0.5,,,,,,,,,1.0,1.0,0.0,0.0,0.0,0.0,1.0,1.0,0.0,Child talked to me,1.0,1.0,0.0,0.0,1.0,0.0,1.0,1.0,0,nan,<NA>,<NA>,66,<NA>,A,A,D,D,C,D,A,A
zqpztu3q7m,2024-08-06 10:39:34-04:00,3_IOAxCONF,Case1,0_BL,1_SC,1.0,7.0,0.5,,,,,,,,,1.0,1.0,0.0,0.0,1.0,0.0,1.0,1.0,0.0,nan,1.0,1.0,1.0,0.0,1.0,0.0,0.0,1.0,0,nan,<NA>,<NA>,67,<NA>,A,A,C,D,A,D,B,A
nufa2j4q87,2024-08-06 10:41:41-04:00,3_IOAxCONF,Case1,0_BL,1_SC,1.0,8.0,1.0,,,,,,,,,1.0,1.0,0.0,0.0,1.0,0.0,0.0,1.0,0.0,Had to check phone for no comply ,1.0,1.0,0.0,0.0,1.0,0.0,0.0,1.0,0,nan,<NA>,<NA>,68,<NA>,A,A,D,D,A,D,D,A
wh09w5y1rs,2024-08-06 10:43:28-04:00,3_IOAxCONF,Case1,0_BL,1_SC,1.0,9.0,1.5,,,,,,,,,1.0,1.0,0.0,0.0,1.0,0.0,0.0,1.0,0.0,Checked phone again,1.0,1.0,0.0,0.0,1.0,0.0,0.0,1.0,0,nan,<NA>,<NA>,69,<NA>,A,A,D,D,A,D,D,A
wn1ygertr5,2024-08-06 10:44:50-04:00,3_IOAxCONF,Case1,0_BL,1_SC,1.0,10.0,2.0,,,,,,,,,1.0,1.0,0.0,0.0,1.0,0.0,1.0,1.0,0.0,nan,1.0,1.0,0.0,0.0,1.0,1.0,1.0,1.0,0,nan,<NA>,<NA>,70,<NA>,A,A,D,D,A,C,A,A
ney3hgrhzn,2024-08-06 10:46:34-04:00,3_IOAxCONF,Case1,0_BL,1_SC,1.0,11.0,2.5,,,,,,,,,1.0,1.0,0.0,0.0,0.0,0.0,1.0,1.0,0.0,Not sure what the direction was,1.0,1.0,0.0,0.0,1.0,1.0,1.0,1.0,0,"""Here is your strawberry for listening"" (not sure if that counts as verbal feedback)",<NA>,<NA>,71,<NA>,A,A,D,D,C,C,A,A
grpy4vkmdw,2024-08-06 10:48:31-04:00,3_IOAxCONF,Case1,0_BL,1_SC,1.0,12.0,3.0,,,,,,,,,1.0,1.0,0.0,0.0,1.0,0.0,0.0,1.0,1.0,Joke about behavior,0.0,1.0,0.0,0.0,1.0,0.0,0.0,1.0,0,nan,<NA>,<NA>,72,<NA>,B,A,D,D,A,D,D,A
z08uj7ac1w,2024-08-06 10:53:19-04:00,3_IOAxCONF,Case1,0_BL,0_AC,1.0,3.0,0.5,,,,,,,,,1.0,1.0,0.0,0.0,1.0,0.0,1.0,1.0,0.0,nan,1.0,1.0,0.0,0.0,1.0,1.0,1.0,1.0,0,nan,<NA>,<NA>,73,<NA>,A,A,D,D,A,C,A,A
9vaxpkqdjo,2024-08-08 10:07:20-04:00,3_IOAxCONF,Case1,2_T2,1_SC,3.0,1.0,0.5,,,,,,,,,1.0,1.0,0.0,0.0,1.0,1.0,1.0,1.0,0.0,nan,1.0,1.0,1.0,0.0,1.0,0.0,1.0,1.0,0,nan,<NA>,<NA>,74,<NA>,A,A,C,D,A,B,A,A
k7g0uooap7,2024-08-08 10:08:21-04:00,3_IOAxCONF,Case1,2_T2,1_SC,3.0,2.0,1.0,,,,,,,,,1.0,1.0,0.0,0.0,1.0,1.0,1.0,1.0,0.0,nan,1.0,1.0,0.0,0.0,1.0,0.0,0.0,1.0,0,nan,<NA>,<NA>,75,<NA>,A,A,D,D,A,B,B,A
o2wdtm4y2g,2024-08-08 10:09:34-04:00,3_IOAxCONF,Case1,2_T2,1_SC,3.0,3.0,1.5,,,,,,,,,1.0,1.0,0.0,0.0,1.0,0.0,1.0,1.0,0.0,nan,1.0,1.0,0.0,0.0,1.0,0.0,1.0,1.0,0,nan,<NA>,<NA>,76,<NA>,A,A,D,D,A,D,A,A
2xq3906fvt,2024-08-08 10:10:45-04:00,3_IOAxCONF,Case1,2_T2,1_SC,3.0,4.0,2.0,,,,,,,,,1.0,1.0,0.0,0.0,1.0,1.0,1.0,1.0,0.0,nan,1.0,1.0,0.0,0.0,1.0,0.0,1.0,1.0,0,nan,<NA>,<NA>,77,<NA>,A,A,D,D,A,B,A,A
vqh7gfxcey,2024-08-08 10:12:23-04:00,3_IOAxCONF,Case1,2_T2,1_SC,3.0,5.0,2.5,,,,,,,,,1.0,1.0,0.0,0.0,1.0,1.0,1.0,1.0,1.0,nan,1.0,1.0,1.0,0.0,1.0,1.0,1.0,1.0,0,nan,<NA>,<NA>,78,<NA>,A,A,C,D,A,A,A,A
u7tt56x4zn,2024-08-08 10:13:41-04:00,3_IOAxCONF,Case1,2_T2,1_SC,3.0,6.0,3.0,,,,,,,,,1.0,1.0,0.0,1.0,1.0,1.0,1.0,1.0,0.0,nan,1.0,1.0,1.0,0.0,1.0,1.0,1.0,1.0,0,nan,<NA>,<NA>,79,<NA>,A,A,C,B,A,A,A,A
mwwt50zvma,2024-08-08 10:14:44-04:00,3_IOAxCONF,Case1,2_T2,1_SC,3.0,7.0,3.5,,,,,,,,,1.0,1.0,0.0,0.0,1.0,1.0,1.0,1.0,0.0,nan,1.0,1.0,1.0,0.0,1.0,1.0,1.0,1.0,0,nan,<NA>,<NA>,80,<NA>,A,A,C,D,A,A,A,A
63c7z22k5i,2024-08-08 10:15:45-04:00,3_IOAxCONF,Case1,2_T2,1_SC,3.0,8.0,4.0,,,,,,,,,1.0,1.0,0.0,1.0,0.0,1.0,1.0,1.0,0.0,nan,1.0,1.0,0.0,0.0,1.0,1.0,1.0,1.0,0,nan,<NA>,<NA>,81,<NA>,A,A,D,B,C,A,A,A
77scmgllqe,2024-08-08 10:16:57-04:00,3_IOAxCONF,Case1,2_T2,1_SC,3.0,9.0,4.5,,,,,,,,,1.0,1.0,0.0,0.0,1.0,1.0,1.0,1.0,0.0,nan,1.0,1.0,1.0,0.0,1.0,1.0,1.0,1.0,0,nan,<NA>,<NA>,82,<NA>,A,A,C,D,A,A,A,A
yo3ske4qqn,2024-08-08 10:18:01-04:00,3_IOAxCONF,Case1,2_T2,1_SC,3.0,10.0,5.0,,,,,,,,,1.0,1.0,0.0,0.0,1.0,1.0,1.0,1.0,0.0,nan,1.0,1.0,0.0,0.0,1.0,0.0,1.0,1.0,0,nan,<NA>,<NA>,83,<NA>,A,A,D,D,A,B,A,A
omyuc8kvj5,2024-08-08 10:19:06-04:00,3_IOAxCONF,Case1,2_T2,1_SC,3.0,11.0,5.5,,,,,,,,,1.0,1.0,0.0,1.0,1.0,1.0,1.0,1.0,0.0,nan,1.0,1.0,1.0,0.0,1.0,1.0,1.0,1.0,0,nan,<NA>,<NA>,84,<NA>,A,A,C,B,A,A,A,A
tqd8io78y1,2024-08-08 10:20:30-04:00,3_IOAxCONF,Case1,2_T2,1_SC,3.0,12.0,6.0,,,,,,,,,1.0,1.0,0.0,0.0,1.0,1.0,1.0,1.0,0.0,nan,1.0,1.0,1.0,0.0,1.0,1.0,1.0,1.0,0,nan,<NA>,<NA>,85,<NA>,A,A,C,D,A,A,A,A
l9qcvrx9ff,2024-08-08 10:21:57-04:00,3_IOAxCONF,Case1,2_T2,1_SC,3.0,13.0,6.5,,,,,,,,,1.0,1.0,0.0,0.0,1.0,1.0,1.0,1.0,0.0,nan,1.0,1.0,1.0,0.0,1.0,1.0,1.0,1.0,0,nan,<NA>,<NA>,86,<NA>,A,A,C,D,A,A,A,A
dnokw51592,2024-08-08 10:23:27-04:00,3_IOAxCONF,Case1,2_T2,1_SC,3.0,14.0,7.0,,,,,,,,,1.0,1.0,0.0,0.0,1.0,1.0,1.0,1.0,0.0,nan,1.0,1.0,1.0,0.0,1.0,1.0,1.0,1.0,0,nan,<NA>,<NA>,87,<NA>,A,A,C,D,A,A,A,A
l4bnh1calr,2024-08-08 10:25:04-04:00,3_IOAxCONF,Case1,2_T2,1_SC,3.0,15.0,7.5,,,,,,,,,1.0,1.0,1.0,1.0,1.0,0.0,1.0,1.0,1.0,Asked about written feedback,1.0,1.0,0.0,0.0,1.0,0.0,1.0,1.0,0,nan,<NA>,<NA>,88,<NA>,A,A,B,B,A,D,A,A
gcxlocm6jn,2024-08-08 10:25:56-04:00,3_IOAxCONF,Case1,2_T2,1_SC,3.0,16.0,8.0,,,,,,,,,1.0,1.0,1.0,1.0,1.0,1.0,1.0,1.0,1.0,nan,1.0,1.0,1.0,1.0,1.0,1.0,1.0,1.0,0,nan,<NA>,<NA>,89,<NA>,A,A,A,A,A,A,A,A
9jzbe1om92,2024-08-08 10:27:09-04:00,3_IOAxCONF,Case1,2_T2,1_SC,3.0,17.0,8.5,,,,,,,,,1.0,1.0,1.0,0.0,1.0,1.0,1.0,1.0,1.0,nan,1.0,1.0,1.0,0.0,1.0,1.0,1.0,1.0,0,nan,<NA>,<NA>,90,<NA>,A,A,A,D,A,A,A,A
6ucigy2n12,2024-08-08 10:28:23-04:00,3_IOAxCONF,Case1,2_T2,1_SC,3.0,18.0,9.0,,,,,,,,,1.0,1.0,0.0,0.0,1.0,1.0,1.0,1.0,0.0,nan,1.0,1.0,1.0,0.0,1.0,0.0,0.0,1.0,0,Caregiver took ~4 sec for feedback,<NA>,<NA>,91,<NA>,A,A,C,D,A,B,B,A
nneqyyrric,2024-08-08 10:34:09-04:00,3_IOAxCONF,Case1,2_T2,1_SC,3.0,19.0,9.5,,,,,,,,,1.0,1.0,1.0,1.0,1.0,1.0,1.0,1.0,1.0,Had just given verbal feedback,1.0,1.0,1.0,1.0,1.0,1.0,1.0,1.0,1,Confederate provided some coaching/feedback to caregiver 23:00,<NA>,<NA>,92,<NA>,A,A,A,A,A,A,A,A
jc1k7c9yem,2024-08-08 10:35:01-04:00,3_IOAxCONF,Case1,2_T2,1_SC,3.0,20.0,10.0,,,,,,,,,1.0,1.0,1.0,1.0,1.0,1.0,1.0,1.0,1.0,nan,1.0,1.0,1.0,1.0,1.0,1.0,1.0,1.0,0,nan,<NA>,<NA>,93,<NA>,A,A,A,A,A,A,A,A
c9o0v9ykd7,2024-08-08 10:36:02-04:00,3_IOAxCONF,Case1,2_T2,1_SC,3.0,21.0,10.5,,,,,,,,,1.0,1.0,1.0,1.0,1.0,0.0,1.0,1.0,0.0,nan,1.0,1.0,1.0,1.0,1.0,1.0,1.0,1.0,0,nan,<NA>,<NA>,94,<NA>,A,A,A,A,A,C,A,A
2qwvmm07ui,2024-08-08 10:36:47-04:00,3_IOAxCONF,Case1,2_T2,1_SC,3.0,22.0,11.0,,,,,,,,,1.0,1.0,1.0,1.0,1.0,1.0,1.0,1.0,0.0,nan,1.0,1.0,1.0,1.0,1.0,1.0,1.0,1.0,1,nan,<NA>,<NA>,95,<NA>,A,A,A,A,A,A,A,A
jjm57uwqzt,2024-08-08 10:37:54-04:00,3_IOAxCONF,Case1,2_T2,1_SC,3.0,23.0,11.5,,,,,,,,,1.0,1.0,1.0,0.0,1.0,1.0,1.0,1.0,0.0,nan,1.0,0.0,1.0,0.0,1.0,1.0,1.0,1.0,0,nan,<NA>,<NA>,96,<NA>,A,B,A,D,A,A,A,A
iahde57cm8,2024-08-08 10:38:53-04:00,3_IOAxCONF,Case1,2_T2,1_SC,3.0,24.0,12.0,,,,,,,,,1.0,1.0,1.0,1.0,1.0,1.0,1.0,1.0,0.0,nan,1.0,1.0,1.0,1.0,1.0,1.0,1.0,1.0,0,nan,<NA>,<NA>,97,<NA>,A,A,A,A,A,A,A,A
xfafelu310,2024-08-08 10:41:01-04:00,3_IOAxCONF,Case1,2_T2,1_SC,3.0,25.0,12.5,,,,,,,,,1.0,1.0,1.0,1.0,1.0,1.0,1.0,1.0,1.0,Previous verbal feedback,1.0,1.0,1.0,1.0,1.0,1.0,1.0,1.0,1,Confederate provided further coaching 33:00,<NA>,<NA>,98,<NA>,A,A,A,A,A,A,A,A
ylwmempocs,2024-08-08 10:42:11-04:00,3_IOAxCONF,Case1,2_T2,1_SC,3.0,26.0,13.0,,,,,,,,,1.0,1.0,1.0,1.0,1.0,1.0,1.0,1.0,1.0,I complied **Addressed 2024.09.16**,1.0,1.0,1.0,1.0,1.0,1.0,1.0,1.0,0,nan,<NA>,<NA>,99,<NA>,A,A,A,A,A,A,A,A
5af6ra23cu,2024-08-08 10:43:38-04:00,3_IOAxCONF,Case1,2_T2,1_SC,3.0,27.0,13.5,,,,,,,,,1.0,1.0,1.0,1.0,1.0,1.0,1.0,1.0,0.0,nan,1.0,1.0,1.0,1.0,1.0,1.0,1.0,1.0,0,nan,<NA>,<NA>,100,<NA>,A,A,A,A,A,A,A,A
hj5bssexha,2024-08-08 10:44:27-04:00,3_IOAxCONF,Case1,2_T2,1_SC,3.0,28.0,14.0,,,,,,,,,1.0,1.0,1.0,1.0,1.0,1.0,1.0,1.0,0.0,nan,1.0,1.0,1.0,1.0,1.0,1.0,1.0,1.0,0,nan,<NA>,<NA>,101,<NA>,A,A,A,A,A,A,A,A
tdquvppn2k,2024-08-08 10:45:21-04:00,3_IOAxCONF,Case1,2_T2,1_SC,3.0,29.0,14.5,,,,,,,,,1.0,1.0,1.0,1.0,1.0,1.0,1.0,1.0,0.0,nan,1.0,1.0,1.0,1.0,1.0,1.0,1.0,1.0,0,nan,<NA>,<NA>,102,<NA>,A,A,A,A,A,A,A,A
o1n9nyvq1v,2024-08-08 10:46:30-04:00,3_IOAxCONF,Case1,2_T2,1_SC,3.0,30.0,15.0,,,,,,,,,1.0,1.0,0.0,0.0,1.0,1.0,1.0,1.0,0.0,nan,1.0,1.0,1.0,1.0,1.0,1.0,1.0,1.0,0,nan,<NA>,<NA>,103,<NA>,A,A,C,C,A,A,A,A
20biysgoz7,2024-08-19 11:02:31-04:00,3_IOAxCONF,Case1,5_RTB,0_AC,7.0,1.0,0.5,,,,,,,,,1.0,1.0,1.0,1.0,1.0,1.0,1.0,1.0,0.0,nan,1.0,1.0,1.0,1.0,1.0,1.0,1.0,1.0,0,nan,<NA>,<NA>,104,<NA>,A,A,A,A,A,A,A,A
8ie3mrou4h,2024-08-19 11:03:13-04:00,3_IOAxCONF,Case1,5_RTB,0_AC,7.0,2.0,1.0,,,,,,,,,1.0,1.0,1.0,1.0,1.0,1.0,1.0,1.0,1.0,Caregiver initiated end of trial,1.0,1.0,0.0,0.0,1.0,1.0,1.0,1.0,0,nan,<NA>,<NA>,105,<NA>,A,A,B,B,A,A,A,A
ezencmrird,2024-08-19 11:04:11-04:00,3_IOAxCONF,Case1,5_RTB,0_AC,7.0,3.0,1.5,,,,,,,,,1.0,1.0,1.0,1.0,1.0,1.0,1.0,1.0,0.0,nan,1.0,1.0,1.0,1.0,1.0,1.0,1.0,1.0,0,Noticed that the child did eventually comply,<NA>,<NA>,106,<NA>,A,A,A,A,A,A,A,A
xd3xahzf81,2024-08-14 09:00:53-04:00,3_IOAxCONF,Case3,3_T3,1_SC,4.0,1.0,0.5,,,,,,,,,1.0,1.0,1.0,1.0,1.0,1.0,1.0,1.0,0.0,nan,1.0,1.0,1.0,1.0,1.0,1.0,1.0,1.0,0,nan,<NA>,<NA>,107,<NA>,A,A,A,A,A,A,A,A
rixk768iqu,2024-08-14 09:01:54-04:00,3_IOAxCONF,Case3,3_T3,1_SC,4.0,2.0,1.0,,,,,,,,,1.0,1.0,1.0,1.0,1.0,1.0,1.0,1.0,0.0,nan,1.0,1.0,1.0,1.0,1.0,1.0,1.0,1.0,0,nan,<NA>,<NA>,108,<NA>,A,A,A,A,A,A,A,A
k0ay8aucra,2024-08-14 09:02:59-04:00,3_IOAxCONF,Case3,3_T3,1_SC,4.0,3.0,1.5,,,,,,,,,1.0,1.0,1.0,1.0,1.0,1.0,1.0,1.0,0.0,nan,1.0,1.0,1.0,1.0,0.0,1.0,1.0,1.0,0,Very neutral tone,<NA>,<NA>,109,<NA>,A,A,A,A,B,A,A,A
r8ruyihge5,2024-08-14 09:03:42-04:00,3_IOAxCONF,Case3,3_T3,1_SC,4.0,4.0,2.0,,,,,,,,,1.0,1.0,1.0,1.0,1.0,1.0,1.0,1.0,0.0,nan,1.0,1.0,1.0,1.0,1.0,1.0,1.0,1.0,0,nan,<NA>,<NA>,110,<NA>,A,A,A,A,A,A,A,A
m2oc7z1zit,2024-08-14 09:04:59-04:00,3_IOAxCONF,Case3,3_T3,1_SC,4.0,5.0,2.5,,,,,,,,,1.0,1.0,0.0,1.0,1.0,0.0,1.0,1.0,0.0,nan,1.0,1.0,1.0,1.0,1.0,1.0,1.0,1.0,0,nan,<NA>,<NA>,111,<NA>,A,A,C,A,A,C,A,A
73v7awwxz6,2024-08-14 09:05:59-04:00,3_IOAxCONF,Case3,3_T3,1_SC,4.0,6.0,3.0,,,,,,,,,1.0,1.0,1.0,1.0,1.0,1.0,1.0,1.0,0.0,nan,1.0,1.0,1.0,1.0,1.0,1.0,1.0,1.0,0,nan,<NA>,<NA>,112,<NA>,A,A,A,A,A,A,A,A
jve0bc8gh8,2024-08-14 09:07:47-04:00,3_IOAxCONF,Case3,3_T3,1_SC,4.0,8.0,4.0,,,,,,,,,1.0,1.0,1.0,1.0,1.0,1.0,1.0,1.0,0.0,nan,1.0,1.0,1.0,1.0,0.0,1.0,1.0,1.0,0,"very soft tone. This is also supposed to be trial 8, not sure if i fixed the #",<NA>,<NA>,113,<NA>,A,A,A,A,B,A,A,A
esxf9xbcco,2024-08-14 09:08:28-04:00,3_IOAxCONF,Case3,3_T3,1_SC,4.0,9.0,4.5,,,,,,,,,1.0,1.0,1.0,1.0,1.0,1.0,1.0,1.0,0.0,nan,1.0,1.0,1.0,1.0,1.0,1.0,1.0,1.0,0,nan,<NA>,<NA>,114,<NA>,A,A,A,A,A,A,A,A
zsydrua0kw,2024-08-14 09:09:11-04:00,3_IOAxCONF,Case3,3_T3,1_SC,4.0,10.0,5.0,,,,,,,,,1.0,1.0,1.0,1.0,1.0,1.0,1.0,1.0,0.0,nan,1.0,1.0,1.0,1.0,1.0,1.0,1.0,1.0,0,nan,<NA>,<NA>,115,<NA>,A,A,A,A,A,A,A,A
g3ustmig5t,2024-08-14 09:10:03-04:00,3_IOAxCONF,Case3,3_T3,1_SC,4.0,11.0,5.5,,,,,,,,,1.0,1.0,1.0,1.0,1.0,1.0,1.0,1.0,0.0,nan,1.0,1.0,1.0,1.0,1.0,1.0,1.0,1.0,0,nan,<NA>,<NA>,116,<NA>,A,A,A,A,A,A,A,A
7anv3ijurn,2024-08-14 09:10:44-04:00,3_IOAxCONF,Case3,3_T3,1_SC,4.0,12.0,6.0,,,,,,,,,1.0,1.0,1.0,1.0,1.0,1.0,1.0,1.0,0.0,nan,1.0,1.0,1.0,1.0,1.0,1.0,1.0,1.0,0,nan,<NA>,<NA>,117,<NA>,A,A,A,A,A,A,A,A
1dd4utxqq0,2024-08-14 09:15:50-04:00,3_IOAxCONF,Case3,3_T3,0_AC,4.0,1.0,0.5,,,,,,,,,1.0,1.0,1.0,1.0,1.0,1.0,1.0,1.0,0.0,nan,1.0,1.0,1.0,1.0,1.0,1.0,1.0,1.0,0,nan,<NA>,<NA>,118,<NA>,A,A,A,A,A,A,A,A
84c2e101cp,2024-08-14 09:16:28-04:00,3_IOAxCONF,Case3,3_T3,0_AC,4.0,2.0,1.0,,,,,,,,,1.0,1.0,1.0,1.0,1.0,1.0,1.0,1.0,0.0,nan,1.0,1.0,1.0,1.0,0.0,1.0,1.0,1.0,0,Questioning tone? 16:15ish,<NA>,<NA>,119,<NA>,A,A,A,A,B,A,A,A
1fv3xh81bn,2024-08-14 09:17:05-04:00,3_IOAxCONF,Case3,3_T3,0_AC,4.0,3.0,1.5,,,,,,,,,1.0,1.0,1.0,1.0,1.0,1.0,1.0,1.0,0.0,nan,1.0,1.0,1.0,1.0,1.0,1.0,1.0,1.0,0,nan,<NA>,<NA>,120,<NA>,A,A,A,A,A,A,A,A
mftqsa41sf,2024-08-13 08:59:41-04:00,3_IOAxCONF,Case3,2_T2,1_SC,3.0,1.0,0.5,,,,,,,,,1.0,1.0,1.0,1.0,1.0,1.0,1.0,1.0,1.0,nan,1.0,1.0,0.0,1.0,1.0,0.0,1.0,1.0,0,nan,<NA>,<NA>,121,<NA>,A,A,B,A,A,B,A,A
b6s7qzxy89,2024-08-13 09:02:21-04:00,3_IOAxCONF,Case3,2_T2,1_SC,3.0,4.0,2.0,,,,,,,,,1.0,1.0,1.0,1.0,1.0,1.0,1.0,1.0,0.0,nan,1.0,1.0,1.0,1.0,1.0,1.0,1.0,1.0,0,nan,<NA>,<NA>,122,<NA>,A,A,A,A,A,A,A,A
33u71gj78q,2024-08-13 09:03:54-04:00,3_IOAxCONF,Case3,2_T2,1_SC,3.0,6.0,3.0,,,,,,,,,1.0,1.0,1.0,1.0,1.0,1.0,1.0,1.0,0.0,nan,0.0,1.0,1.0,1.0,1.0,1.0,1.0,1.0,0,nan,<NA>,<NA>,123,<NA>,B,A,A,A,A,A,A,A
l78puidwmz,2024-08-13 09:11:38-04:00,3_IOAxCONF,Case3,2_T2,0_AC,3.0,1.0,0.5,,,,,,,,,1.0,1.0,1.0,1.0,1.0,1.0,1.0,1.0,0.0,nan,1.0,1.0,1.0,1.0,1.0,1.0,1.0,1.0,0,nan,<NA>,<NA>,124,<NA>,A,A,A,A,A,A,A,A
assm964nzn,2024-08-13 09:12:32-04:00,3_IOAxCONF,Case3,2_T2,0_AC,3.0,2.0,1.0,,,,,,,,,1.0,1.0,1.0,1.0,1.0,1.0,1.0,1.0,0.0,nan,0.0,1.0,1.0,1.0,1.0,1.0,1.0,1.0,0,nan,<NA>,<NA>,125,<NA>,B,A,A,A,A,A,A,A
fos43axt8r,2024-08-13 09:13:44-04:00,3_IOAxCONF,Case3,2_T2,0_AC,3.0,3.0,1.5,,,,,,,,,1.0,1.0,1.0,1.0,1.0,1.0,1.0,1.0,1.0,nan,0.0,1.0,1.0,1.0,1.0,1.0,1.0,1.0,0,nan,<NA>,<NA>,126,<NA>,B,A,A,A,A,A,A,A
ea26882t36,2024-08-14 09:46:20-04:00,3_IOAxCONF,Case2,5_RTB,1_SC,5.0,1.0,0.5,,,,,,,,,1.0,1.0,1.0,1.0,1.0,1.0,1.0,1.0,1.0,nan,0.0,1.0,1.0,1.0,1.0,1.0,1.0,1.0,0,nan,<NA>,<NA>,127,<NA>,B,A,A,A,A,A,A,A
4p52jdcygg,2024-08-14 09:48:49-04:00,3_IOAxCONF,Case2,5_RTB,1_SC,5.0,4.0,2.0,,,,,,,,,1.0,1.0,1.0,1.0,1.0,1.0,1.0,1.0,0.0,nan,1.0,1.0,1.0,1.0,1.0,1.0,1.0,1.0,0,nan,<NA>,<NA>,128,<NA>,A,A,A,A,A,A,A,A
bk9wgqr4ul,2024-08-14 09:51:40-04:00,3_IOAxCONF,Case2,5_RTB,1_SC,5.0,7.0,3.5,,,,,,,,,1.0,1.0,1.0,1.0,1.0,1.0,1.0,1.0,0.0,nan,0.0,1.0,1.0,0.0,1.0,1.0,1.0,1.0,0,nan,<NA>,<NA>,129,<NA>,B,A,A,B,A,A,A,A
1ruj52dgun,2024-08-14 09:57:47-04:00,3_IOAxCONF,Case2,5_RTB,0_AC,5.0,1.0,0.5,,,,,,,,,1.0,1.0,1.0,0.0,1.0,1.0,1.0,1.0,0.0,nan,1.0,1.0,1.0,0.0,1.0,1.0,1.0,1.0,0,nan,<NA>,<NA>,130,<NA>,A,A,A,D,A,A,A,A
xmvhjmnp8d,2024-08-16 09:54:28-04:00,3_IOAxCONF,Case1,5_RTB,1_SC,6.0,1.0,0.5,,,,,,,,,1.0,1.0,1.0,1.0,1.0,1.0,1.0,1.0,0.0,nan,1.0,1.0,1.0,1.0,1.0,1.0,1.0,1.0,0,nan,<NA>,<NA>,131,<NA>,A,A,A,A,A,A,A,A
t74m72d6ox,2024-08-16 09:58:10-04:00,3_IOAxCONF,Case1,5_RTB,1_SC,6.0,4.0,2.0,,,,,,,,,1.0,1.0,1.0,1.0,1.0,1.0,1.0,1.0,0.0,nan,1.0,1.0,1.0,1.0,1.0,1.0,1.0,1.0,0,nan,<NA>,<NA>,132,<NA>,A,A,A,A,A,A,A,A
mpi2rm6b1i,2024-08-16 10:00:45-04:00,3_IOAxCONF,Case1,5_RTB,1_SC,6.0,7.0,3.5,,,,,,,,,1.0,1.0,1.0,1.0,1.0,1.0,1.0,1.0,0.0,nan,1.0,1.0,1.0,1.0,1.0,1.0,1.0,1.0,0,nan,<NA>,<NA>,133,<NA>,A,A,A,A,A,A,A,A
vws0jd4py3,2024-08-07 09:36:05-04:00,3_IOAxCONF,Case3,1_T1,1_SC,2.0,1.0,0.5,,,,,,,,,1.0,1.0,0.0,0.0,1.0,1.0,1.0,1.0,1.0,Sent wrong guide. **Addressed 2024.09.16**,0.0,1.0,0.0,0.0,1.0,1.0,1.0,1.0,1,Looked like some technical difficulties that had to be navigated (1:00),<NA>,<NA>,134,<NA>,B,A,D,D,A,A,A,A
uhz6scvrcf,2024-08-07 09:40:13-04:00,3_IOAxCONF,Case3,1_T1,1_SC,2.0,4.0,2.0,,,,,,,,,1.0,1.0,0.0,1.0,1.0,1.0,1.0,1.0,0.0,nan,1.0,1.0,0.0,0.0,1.0,1.0,1.0,1.0,0,nan,<NA>,<NA>,135,<NA>,A,A,D,B,A,A,A,A
wobjacr4f0,2024-08-07 09:43:56-04:00,3_IOAxCONF,Case3,1_T1,1_SC,2.0,7.0,3.5,,,,,,,,,1.0,1.0,0.0,1.0,1.0,1.0,1.0,0.0,0.0,nan,0.0,1.0,0.0,0.0,1.0,1.0,1.0,0.0,0,nan,<NA>,<NA>,136,<NA>,B,A,D,B,A,A,A,D
x6snutud2j,2024-08-07 09:48:46-04:00,3_IOAxCONF,Case3,1_T1,1_SC,2.0,11.0,5.5,,,,,,,,,1.0,1.0,0.0,0.0,1.0,1.0,1.0,1.0,0.0,nan,0.0,1.0,0.0,0.0,1.0,1.0,1.0,1.0,0,nan,<NA>,<NA>,137,<NA>,B,A,D,D,A,A,A,A
e9jw781c6q,2024-08-07 09:52:50-04:00,3_IOAxCONF,Case3,1_T1,1_SC,2.0,14.0,7.0,,,,,,,,,1.0,1.0,0.0,1.0,1.0,1.0,1.0,1.0,0.0,nan,1.0,1.0,0.0,0.0,1.0,1.0,1.0,1.0,0,nan,<NA>,<NA>,138,<NA>,A,A,D,B,A,A,A,A
9u24ug994x,2024-08-07 09:56:24-04:00,3_IOAxCONF,Case3,1_T1,1_SC,2.0,17.0,8.5,,,,,,,,,1.0,1.0,1.0,1.0,1.0,0.0,1.0,1.0,0.0,nan,0.0,1.0,0.0,0.0,1.0,0.0,1.0,1.0,0,nan,<NA>,<NA>,139,<NA>,B,A,B,B,A,D,A,A
g1p4exdh69,2024-08-07 10:00:33-04:00,3_IOAxCONF,Case3,1_T1,1_SC,2.0,20.0,10.0,,,,,,,,,1.0,1.0,1.0,1.0,1.0,1.0,1.0,1.0,1.0,I complied **Addressed 2024.09.16**,0.0,1.0,1.0,1.0,1.0,0.0,1.0,1.0,0,nan,<NA>,<NA>,140,<NA>,B,A,A,A,A,B,A,A
lihoshct35,2024-08-07 10:04:05-04:00,3_IOAxCONF,Case3,1_T1,1_SC,2.0,23.0,11.5,,,,,,,,,1.0,1.0,1.0,1.0,1.0,1.0,1.0,1.0,0.0,nan,0.0,1.0,0.0,0.0,1.0,1.0,1.0,1.0,0,nan,<NA>,<NA>,141,<NA>,B,A,B,B,A,A,A,A
ydcxk6f2tw,2024-08-16 09:15:07-04:00,3_IOAxCONF,Case4,5_RTB,0_AC,2.0,1.0,0.5,,,,,,,,,1.0,1.0,1.0,1.0,1.0,1.0,1.0,1.0,0.0,nan,1.0,1.0,1.0,1.0,1.0,1.0,1.0,1.0,0,nan,<NA>,<NA>,142,<NA>,A,A,A,A,A,A,A,A
vlkta0y9ks,2024-08-16 09:16:59-04:00,3_IOAxCONF,Case4,5_RTB,0_AC,2.0,2.0,1.0,,,,,,,,,1.0,1.0,1.0,1.0,1.0,1.0,1.0,1.0,0.0,nan,1.0,1.0,1.0,1.0,1.0,1.0,1.0,1.0,0,nan,<NA>,<NA>,143,<NA>,A,A,A,A,A,A,A,A
kv07tghq0x,2024-08-16 09:18:00-04:00,3_IOAxCONF,Case4,5_RTB,0_AC,2.0,3.0,1.5,,,,,,,,,1.0,1.0,1.0,1.0,1.0,1.0,1.0,1.0,0.0,nan,1.0,1.0,1.0,1.0,1.0,1.0,1.0,1.0,0,nan,<NA>,<NA>,144,<NA>,A,A,A,A,A,A,A,A
